,precision,recall,f1-score,support
indicador,0.8823529411764706,0.9375,0.9090909090909091,32.0
indicador-medio,0.84375,0.9,0.8709677419354839,30.0
mao-aberta,1.0,1.0,1.0,22.0
punho,0.9393939393939394,0.8611111111111112,0.8985507246376812,36.0
tripla,0.9655172413793104,0.9333333333333333,0.9491525423728814,30.0
accuracy,0.92,0.92,0.92,0.92
macro avg,0.9262028243899441,0.9263888888888889,0.9255523836073911,150.0
weighted avg,0.9222099545147212,0.92,0.9202822913807771,150.0
